base,form,base_MAPE,in_sample_MAPE,LOSO_MAPE,gain_pp
DAK,poly_deg1,1.9188,1.5023,1.8464,0.0724
DAK,poly_deg2,1.9188,1.3761,2.4179,-0.4991
DAK,poly_deg3,1.9188,1.3291,28.5257,-26.6069
DAK,poly_deg4,1.9188,1.2303,15.062,-13.1432
DAK,poly_deg5,1.9188,1.1658,3580.6871,-3578.7682
DAK,poly_deg6,1.9188,1.1281,31916.4232,-31914.5044
DAK,rbf_k4_w0.7,1.9188,1.3487,1.774,0.1448
DAK,rbf_k4_w1.0,1.9188,1.3381,1.7493,0.1695
DAK,rbf_k4_w1.5,1.9188,1.3513,1.8273,0.0915
DAK,rbf_k9_w0.7,1.9188,1.3512,2.4431,-0.5242
DAK,rbf_k9_w1.0,1.9188,1.3202,2.4333,-0.5144
DAK,rbf_k9_w1.5,1.9188,1.2842,2.4845,-0.5657
DAK,rbf_k16_w0.7,1.9188,1.2899,1.8729,0.0459
DAK,rbf_k16_w1.0,1.9188,1.2671,1.8405,0.0784
DAK,rbf_k16_w1.5,1.9188,1.2476,2.0777,-0.1589
DAK,rbf_k25_w0.7,1.9188,1.2585,2.5058,-0.5869
DAK,rbf_k25_w1.0,1.9188,1.1992,2.3462,-0.4274
DAK,rbf_k25_w1.5,1.9188,1.1107,1.9873,-0.0685
DAK,spline_df4,1.9188,1.2841,2.0163,-0.0975
DAK,spline_df5,1.9188,1.3036,2.1042,-0.1854
DAK,spline_df7,1.9188,1.2358,1.9646,-0.0458
DAK,spline_df9,1.9188,1.238,1.9839,-0.0651
DAK,rational_1_1,1.9188,1.4171,2.2584,-0.3396
DAK,rational_2_1,1.9188,1.4071,4.9777,-3.0588
DAK,phys_exp_decay,1.9188,1.6456,2.1357,-0.2169
DAK,phys_power_law,1.9188,1.5781,2.2957,-0.3769
DAK,phys_gaussian_bump,1.9188,1.6075,1.8397,0.0791
DAK,fourier_o1,1.9188,1.4302,2.0795,-0.1607
DAK,fourier_o2,1.9188,1.3416,2.1914,-0.2725
DAK,fourier_o3,1.9188,1.2831,2.3502,-0.4313
DAK,symbolic_gp,1.9188,1.9332,1.94,-0.0212
HY,poly_deg1,1.9284,1.5843,1.8959,0.0325
HY,poly_deg2,1.9284,1.3615,2.6581,-0.7297
HY,poly_deg3,1.9284,1.3339,34.3889,-32.4605
HY,poly_deg4,1.9284,1.2507,154.7129,-152.7845
HY,poly_deg5,1.9284,1.1747,6830.0169,-6828.0885
HY,poly_deg6,1.9284,1.1311,40786.6911,-40784.7628
HY,rbf_k4_w0.7,1.9284,1.3675,1.6861,0.2423
HY,rbf_k4_w1.0,1.9284,1.3523,1.6399,0.2885
HY,rbf_k4_w1.5,1.9284,1.3527,1.736,0.1924
HY,rbf_k9_w0.7,1.9284,1.3587,2.3122,-0.3838
HY,rbf_k9_w1.0,1.9284,1.3533,2.361,-0.4326
HY,rbf_k9_w1.5,1.9284,1.3317,2.5116,-0.5832
HY,rbf_k16_w0.7,1.9284,1.2738,1.7754,0.153
HY,rbf_k16_w1.0,1.9284,1.2588,1.7598,0.1686
HY,rbf_k16_w1.5,1.9284,1.2652,1.9896,-0.0612
HY,rbf_k25_w0.7,1.9284,1.2381,2.4016,-0.4732
HY,rbf_k25_w1.0,1.9284,1.1904,2.1909,-0.2625
HY,rbf_k25_w1.5,1.9284,1.1269,1.8097,0.1186
HY,spline_df4,1.9284,1.3375,1.9982,-0.0698
HY,spline_df5,1.9284,1.3541,2.0752,-0.1468
HY,spline_df7,1.9284,1.2895,1.9372,-0.0088
HY,spline_df9,1.9284,1.2889,1.9465,-0.0181
HY,rational_1_1,1.9284,1.4474,1.9135,0.0149
HY,rational_2_1,1.9284,1.4393,2.6442,-0.7158
HY,phys_exp_decay,1.9284,1.6329,2.1749,-0.2466
HY,phys_power_law,1.9284,1.5839,2.2235,-0.2952
HY,phys_gaussian_bump,1.9284,1.622,1.8648,0.0636
HY,fourier_o1,1.9284,1.4843,2.0433,-0.115
HY,fourier_o2,1.9284,1.3926,2.1417,-0.2133
HY,fourier_o3,1.9284,1.3314,2.2928,-0.3644
HY,symbolic_gp,1.9284,1.9459,1.9523,-0.0239
GERG-2008,poly_deg1,0.9173,1.0122,1.2293,-0.312
GERG-2008,poly_deg2,0.9173,0.9861,2.4603,-1.5429
GERG-2008,poly_deg3,0.9173,0.9835,23.4646,-22.5472
GERG-2008,poly_deg4,0.9173,0.9482,52.9551,-52.0378
GERG-2008,poly_deg5,0.9173,0.9177,1002.7492,-1001.8318
GERG-2008,poly_deg6,0.9173,0.9016,34218.9366,-34218.0193
GERG-2008,rbf_k4_w0.7,0.9173,0.9836,1.224,-0.3067
GERG-2008,rbf_k4_w1.0,0.9173,0.9865,1.2153,-0.2979
GERG-2008,rbf_k4_w1.5,0.9173,0.9932,1.2277,-0.3104
GERG-2008,rbf_k9_w0.7,0.9173,0.9216,1.3358,-0.4185
GERG-2008,rbf_k9_w1.0,0.9173,0.9355,1.3787,-0.4614
GERG-2008,rbf_k9_w1.5,0.9173,0.9426,1.4471,-0.5298
GERG-2008,rbf_k16_w0.7,0.9173,0.8872,1.1777,-0.2604
GERG-2008,rbf_k16_w1.0,0.9173,0.8951,1.2303,-0.313
GERG-2008,rbf_k16_w1.5,0.9173,0.9169,1.3191,-0.4018
GERG-2008,rbf_k25_w0.7,0.9173,0.8677,1.1482,-0.2309
GERG-2008,rbf_k25_w1.0,0.9173,0.876,1.1853,-0.268
GERG-2008,rbf_k25_w1.5,0.9173,0.8899,1.2661,-0.3488
GERG-2008,spline_df4,0.9173,0.953,1.2876,-0.3702
GERG-2008,spline_df5,0.9173,0.968,1.3291,-0.4118
GERG-2008,spline_df7,0.9173,0.9224,1.2532,-0.3358
GERG-2008,spline_df9,0.9173,0.9288,1.2813,-0.364
GERG-2008,rational_1_1,0.9173,1.0012,1.2866,-0.3693
GERG-2008,rational_2_1,0.9173,1.0039,1.2923,-0.375
GERG-2008,phys_exp_decay,0.9173,0.9452,1.1217,-0.2044
GERG-2008,phys_power_law,0.9173,0.9339,1.188,-0.2706
GERG-2008,phys_gaussian_bump,0.9173,0.921,1.1132,-0.1959
GERG-2008,fourier_o1,0.9173,1.0053,1.2905,-0.3732
GERG-2008,fourier_o2,0.9173,0.9854,1.3745,-0.4572
GERG-2008,fourier_o3,0.9173,0.9568,1.4245,-0.5072
GERG-2008,symbolic_gp,0.9173,0.9585,0.963,-0.0457
AGA8-DETAIL,poly_deg1,0.7688,0.8997,1.0486,-0.2799
AGA8-DETAIL,poly_deg2,0.7688,0.8725,2.2978,-1.529
AGA8-DETAIL,poly_deg3,0.7688,0.8712,15.9339,-15.1651
AGA8-DETAIL,poly_deg4,0.7688,0.8351,34.6472,-33.8785
AGA8-DETAIL,poly_deg5,0.7688,0.8158,355.7926,-355.0238
AGA8-DETAIL,poly_deg6,0.7688,0.7976,4862.5196,-4861.7508
AGA8-DETAIL,rbf_k4_w0.7,0.7688,0.8779,1.0299,-0.2611
AGA8-DETAIL,rbf_k4_w1.0,0.7688,0.8781,1.0316,-0.2629
AGA8-DETAIL,rbf_k4_w1.5,0.7688,0.8806,1.0505,-0.2817
AGA8-DETAIL,rbf_k9_w0.7,0.7688,0.8191,1.0569,-0.2881
AGA8-DETAIL,rbf_k9_w1.0,0.7688,0.8335,1.0843,-0.3155
AGA8-DETAIL,rbf_k9_w1.5,0.7688,0.8409,1.1325,-0.3637
AGA8-DETAIL,rbf_k16_w0.7,0.7688,0.779,1.0012,-0.2325
AGA8-DETAIL,rbf_k16_w1.0,0.7688,0.7854,1.0096,-0.2408
AGA8-DETAIL,rbf_k16_w1.5,0.7688,0.8126,1.0695,-0.3008
AGA8-DETAIL,rbf_k25_w0.7,0.7688,0.7673,1.0199,-0.2511
AGA8-DETAIL,rbf_k25_w1.0,0.7688,0.7695,1.0232,-0.2545
AGA8-DETAIL,rbf_k25_w1.5,0.7688,0.7803,1.0149,-0.2461
AGA8-DETAIL,spline_df4,0.7688,0.833,1.0273,-0.2585
AGA8-DETAIL,spline_df5,0.7688,0.8481,1.0677,-0.2989
AGA8-DETAIL,spline_df7,0.7688,0.8144,1.0091,-0.2404
AGA8-DETAIL,spline_df9,0.7688,0.8168,1.0164,-0.2476
AGA8-DETAIL,rational_1_1,0.7688,0.8874,1.0608,-0.292
AGA8-DETAIL,rational_2_1,0.7688,0.8767,1.9491,-1.1803
AGA8-DETAIL,phys_exp_decay,0.7688,0.864,0.9826,-0.2138
AGA8-DETAIL,phys_power_law,0.7688,0.8234,0.9898,-0.2211
AGA8-DETAIL,phys_gaussian_bump,0.7688,0.7619,0.7756,-0.0068
AGA8-DETAIL,fourier_o1,0.7688,0.8896,1.0831,-0.3143
AGA8-DETAIL,fourier_o2,0.7688,0.8577,1.095,-0.3262
AGA8-DETAIL,fourier_o3,0.7688,0.8346,1.1857,-0.417
AGA8-DETAIL,symbolic_gp,0.7688,0.7998,0.8058,-0.037
NNCF,poly_deg1,0.7892,0.9205,1.0695,-0.2803
NNCF,poly_deg2,0.7892,0.8772,2.277,-1.4878
NNCF,poly_deg3,0.7892,0.8789,16.0234,-15.2342
NNCF,poly_deg4,0.7892,0.8352,8.5427,-7.7535
NNCF,poly_deg5,0.7892,0.8149,530.2818,-529.4926
NNCF,poly_deg6,0.7892,0.7926,6423.4307,-6422.6415
NNCF,rbf_k4_w0.7,0.7892,0.8955,1.0377,-0.2485
NNCF,rbf_k4_w1.0,0.7892,0.896,1.0274,-0.2382
NNCF,rbf_k4_w1.5,0.7892,0.8905,1.0272,-0.238
NNCF,rbf_k9_w0.7,0.7892,0.8275,1.0531,-0.2639
NNCF,rbf_k9_w1.0,0.7892,0.8464,1.089,-0.2998
NNCF,rbf_k9_w1.5,0.7892,0.8635,1.1377,-0.3485
NNCF,rbf_k16_w0.7,0.7892,0.7916,1.0181,-0.2289
NNCF,rbf_k16_w1.0,0.7892,0.796,1.0295,-0.2403
NNCF,rbf_k16_w1.5,0.7892,0.8254,1.0802,-0.291
NNCF,rbf_k25_w0.7,0.7892,0.7814,1.031,-0.2418
NNCF,rbf_k25_w1.0,0.7892,0.7836,1.0511,-0.2619
NNCF,rbf_k25_w1.5,0.7892,0.7948,1.0494,-0.2602
NNCF,spline_df4,0.7892,0.8697,1.0573,-0.2681
NNCF,spline_df5,0.7892,0.8789,1.0867,-0.2975
NNCF,spline_df7,0.7892,0.8425,1.0385,-0.2493
NNCF,spline_df9,0.7892,0.8398,1.041,-0.2517
NNCF,rational_1_1,0.7892,0.8865,1.031,-0.2418
NNCF,rational_2_1,0.7892,0.8759,2.0412,-1.252
NNCF,phys_exp_decay,0.7892,0.8518,0.9458,-0.1566
NNCF,phys_power_law,0.7892,0.8199,0.9899,-0.2007
NNCF,phys_gaussian_bump,0.7892,0.7822,0.991,-0.2018
NNCF,fourier_o1,0.7892,0.911,1.0969,-0.3077
NNCF,fourier_o2,0.7892,0.8874,1.0944,-0.3052
NNCF,fourier_o3,0.7892,0.8633,1.2052,-0.416
NNCF,symbolic_gp,0.7892,0.8163,0.8221,-0.0329
ML-hybrid,poly_deg1,2.1427,2.0658,2.5478,-0.4051
ML-hybrid,poly_deg2,2.1427,2.0087,3.2622,-1.1195
ML-hybrid,poly_deg3,2.1427,1.9152,19.0705,-16.9278
ML-hybrid,poly_deg4,2.1427,1.76,357.8625,-355.7198
ML-hybrid,poly_deg5,2.1427,1.6481,7832.4683,-7830.3256
ML-hybrid,poly_deg6,2.1427,1.5231,27234.1137,-27231.971
ML-hybrid,rbf_k4_w0.7,2.1427,1.961,2.9166,-0.7739
ML-hybrid,rbf_k4_w1.0,2.1427,1.9842,2.8592,-0.7166
ML-hybrid,rbf_k4_w1.5,2.1427,2.0077,3.0317,-0.8891
ML-hybrid,rbf_k9_w0.7,2.1427,1.6026,2.5735,-0.4309
ML-hybrid,rbf_k9_w1.0,2.1427,1.6599,2.6739,-0.5312
ML-hybrid,rbf_k9_w1.5,2.1427,1.7361,3.1293,-0.9866
ML-hybrid,rbf_k16_w0.7,2.1427,1.5191,2.4597,-0.317
ML-hybrid,rbf_k16_w1.0,2.1427,1.5718,2.4294,-0.2867
ML-hybrid,rbf_k16_w1.5,2.1427,1.6403,2.6686,-0.5259
ML-hybrid,rbf_k25_w0.7,2.1427,1.3676,2.3634,-0.2207
ML-hybrid,rbf_k25_w1.0,2.1427,1.4214,2.4023,-0.2596
ML-hybrid,rbf_k25_w1.5,2.1427,1.4967,2.82,-0.6773
ML-hybrid,spline_df4,2.1427,1.8214,2.7293,-0.5866
ML-hybrid,spline_df5,2.1427,1.8442,2.7467,-0.604
ML-hybrid,spline_df7,2.1427,1.7077,2.5973,-0.4546
ML-hybrid,spline_df9,2.1427,1.7088,2.6386,-0.4959
ML-hybrid,rational_1_1,2.1427,2.0719,2.5526,-0.4099
ML-hybrid,rational_2_1,2.1427,2.0216,2.8531,-0.7104
ML-hybrid,phys_exp_decay,2.1427,2.0195,2.4659,-0.3232
ML-hybrid,phys_power_law,2.1427,1.9797,2.6945,-0.5518
ML-hybrid,phys_gaussian_bump,2.1427,1.6825,2.5613,-0.4187
ML-hybrid,fourier_o1,2.1427,2.0259,2.5228,-0.3801
ML-hybrid,fourier_o2,2.1427,1.899,2.749,-0.6063
ML-hybrid,fourier_o3,2.1427,1.8116,2.7506,-0.6079
ML-hybrid,symbolic_gp,2.1427,2.1049,2.1136,0.0291
